Workbook

Sheet Sheet1
A1: Sl no | B1: item | C1: quantity
A2: 1 | B2: Mobile | C2: =RANDBETWEEN(1,10) -> 10
A3: 2 | B3: Charger | C3: =RANDBETWEEN(1,10) -> 1
A4: 3 | B4: Camera | C4: =RANDBETWEEN(1,10) -> 8
A5: 4 | B5: jacket | C5: =RANDBETWEEN(1,10) -> 6
A6: 5 | B6: Water bottle | C6: =RANDBETWEEN(1,10) -> 4
A7: 6 | B7: Blanket | C7: =RANDBETWEEN(1,10) -> 2
A8: 7 | B8: Tent kit | C8: =RANDBETWEEN(1,10) -> 5
A9: 8 | B9: Shoes | C9: =RANDBETWEEN(1,10) -> 3
A10: 9 | B10: Watch | C10: =RANDBETWEEN(1,10) -> 8
A11: 10 | B11: Cap | C11: =RANDBETWEEN(1,10) -> 4
A12: 11 | B12: Camp fire | C12: =RANDBETWEEN(1,10) -> 7
A13: 12 | C13: =RANDBETWEEN(1,10) -> 10

Sheet Staff
A1: Emp ID | B1: First name | C1: Last name | D1: Gender | E1: Department | F1: Salary | G1: salary bucket | H1: Start Date | I1: FTE | J1: Employee type | K1: Work location | L1: Age | M1: Employes work type | N1: Years
A2: PR00147 | B2: MINERVA | C2: Ricardot | D2: Male | E2: Engineering | F2: 120000 | G2: aove 100k | H2: 43416 | I2: 1 | J2: Permanent | K2: Remote | L2: 7.1150685 | M2: Full time | N2: 2018
A3: PR04686 | B3: OONA | C3: Donan | D3: Female | E3: Business Development | F3: 98000 | G3: 50k to 100k | H3: 43710 | I3: 0.9 | J3: Permanent | K3: Seattle, USA | L3: 6.309589 | M3: part time | N3: 2019
A4: SQ04612 | B4: MICK | C4: Spraberry | D4: Female | E4: Services | F4: 120000 | G4: aove 100k | H4: 43902 | I4: 0.9 | J4: Permanent | K4: Remote | L4: 5.7835616 | M4: part time | N4: 2020
A5: VT01803 | B5: FREDDY | C5: Linford | D5: Female | E5: Training | F5: 93128.34 | G5: 50k to 100k | H5: 43164 | I5: 1 | J5: Fixed Term | K5: Seattle, USA | L5: 7.8054795 | M5: Full time | N5: 2018
A6: TN02749 | B6: PARASURAMUDU | C6: Jamakayala | D6: Female | E6: Training | F6: 57002.02 | G6: 50k to 100k | H6: 43192 | I6: 0.7 | J6: Permanent | K6: Hyderabad, India | L6: 7.7287671 | M6: part time | N6: 2018
A7: SQ00144 | B7: COLLEN | C7: Dunbleton | D7: Male | E7: Engineering | F7: 118976.16 | G7: aove 100k | H7: 44120 | I7: 1 | J7: Permanent | K7: Wellington, New Zealand | L7: 5.1863014 | M7: Full time | N7: 2020
A8: PR04601 | B8: YEDUKONDALU | C8: Panditula | D8: Need to check | E8: Support | F8: 104802.63 | G8: aove 100k | H8: 44502 | I8: 1 | J8: Permanent | K8: Hyderabad, India | L8: 4.139726 | M8: Full time | N8: 2021
A9: SQ01854 | B9: JESSICA | C9: Callcott | D9: Female | E9: Marketing | F9: 66017.18 | G9: 50k to 100k | H9: 43643 | I9: 0.9 | J9: Permanent | K9: Remote | L9: 6.4931507 | M9: part time | N9: 2019
A10: SQ00612 | B10: LEENA | C10: Bruckshaw | D10: Male | E10: Research And Development | F10: 74279.01 | G10: 50k to 100k | H10: 43466 | I10: 1 | J10: Permanent | K10: Wellington, New Zealand | L10: 6.9780822 | M10: Full time | N10: 2019
A11: PR00419 | B11: BILLI | C11: Fellgate | D11: Female | E11: Business Development | F11: 68980.52 | G11: 50k to 100k | H11: 43494 | I11: 0.8 | J11: Permanent | K11: Remote | L11: 6.9013699 | M11: part time | N11: 2019
A12: VT00578 | B12: MAGNUM | C12: Locksley | D12: Female | E12: Services | F12: 42314.39 | G12: under 50k | H12: 44487 | I12: 1 | J12: Fixed Term | K12: Remote | L12: 4.1808219 | M12: Full time | N12: 2021
A13: TN01281 | B13: CLETUS | C13: McGarahan | D13: Female | E13: Engineering | F13: 114425.19 | G13: aove 100k | H13: 43857 | I13: 1 | J13: Permanent | K13: Wellington, New Zealand | L13: 5.9068493 | M13: Full time | N13: 2020
... A261: SQ03625 | B261: FIDELA | C261: Artis | D261: Female | E261: Sales | F261: 78020.39 | G261: 50k to 100k | H261: 43899 | I261: 1 | J261: Permanent | K261: Remote | L261: 5.7917808 | M261: Full time | N261: 2020

Sheet medals
A1: Rank | B1: NOC | C1: Gold | D1: Silver | E1: Bronze | F1: Division | G1: Total
A2: 1 | B2: United States | C2: 39 | D2: 41 | E2: 33 | F2: 0.34513274 | G2: 113
A3: 2 | B3: China | C3: 38 | D3: 32 | E3: 19 | F3: 0.42696629 | G3: 89
A4: 3 | B4: Japan | C4: 27 | D4: 14 | E4: 17 | F4: 0.46551724 | G4: 58
A5: 4 | B5: Great Britain | C5: 22 | D5: 20 | E5: 22 | F5: 0.34375 | G5: 64
A6: 5 | B6: ROC | C6: 20 | D6: 28 | E6: 23 | F6: 0.28169014 | G6: 71
A7: 6 | B7: Australia | C7: 17 | D7: 7 | E7: 22 | F7: 0.36956522 | G7: 46
A8: 7 | B8: Netherlands | C8: 10 | D8: 12 | E8: 14 | F8: 0.27777778 | G8: 36
A9: 8 | B9: France | C9: 10 | D9: 12 | E9: 11 | F9: 0.3030303 | G9: 33
A10: 9 | B10: Germany | C10: 10 | D10: 11 | E10: 16 | F10: 0.27027027 | G10: 37
A11: 10 | B11: Italy | C11: 10 | D11: 10 | E11: 20 | F11: 0.25 | G11: 40
A12: 11 | B12: Canada | C12: 7 | D12: 7 | E12: 10 | F12: 0.29166667 | G12: 24
A13: 12 | B13: Brazil | C13: 7 | D13: 6 | E13: 8 | F13: 0.33333333 | G13: 21
... A94: 86 | B94: Syria | C94: 0 | D94: 0 | E94: 1 | F94: 0 | G94: 1

Sheet power query

Sheet Sumifs and countifs
B2: Department | C2: Headcount | D2: Total Salary | E2: Avg. Salary | F2: Permanent Employees Headcount
B3: Training | C3: =COUNTIFS(staff4[Department],B3:B14) -> 1 | D3: =SUMIFS(staff4[Salary],staff4[Department],'Sumifs and countifs'!B3:B14) -> 96135.75 | E3: =AVERAGEIFS(staff4[Salary],staff4[Department],B3) -> 96135.75 | F3: =COUNTIFS(staff4[Employee type],L5) -> 12
B4: Business Development | C4: =COUNTIFS(staff4[Department],B4:B15) -> 1 | D4: =SUMIFS(staff4[Salary],staff4[Department],'Sumifs and countifs'!B4:B15) -> 70649.46 | E4: =AVERAGEIFS(staff4[Salary],staff4[Department],B4) -> 70649.46 | F4: =COUNTIFS(staff4[Employee type],L6) -> 12 | J4: =COUNTIFS(L4:L264,L6) -> 168 | L4: Employee type
B5: Engineering | C5: =COUNTIFS(staff4[Department],B5:B16) -> 1 | D5: =SUMIFS(staff4[Salary],staff4[Department],'Sumifs and countifs'!B5:B16) -> 120000 | E5: =AVERAGEIFS(staff4[Salary],staff4[Department],B5) -> 120000 | F5: =COUNTIFS(staff4[Employee type],L7) -> 12 | L5: Permanent
B6: Marketing | C6: =COUNTIFS(staff4[Department],B6:B17) -> 1 | D6: =SUMIFS(staff4[Salary],staff4[Department],'Sumifs and countifs'!B6:B17) -> 67905.8 | E6: =AVERAGEIFS(staff4[Salary],staff4[Department],B6) -> 67905.8 | F6: =COUNTIFS(staff4[Employee type],L8) -> 12 | L6: Permanent
B7: Legal | C7: =COUNTIFS(staff4[Department],B7:B18) -> 1 | D7: =SUMIFS(staff4[Salary],staff4[Department],'Sumifs and countifs'!B7:B18) -> 63705.4 | E7: =AVERAGEIFS(staff4[Salary],staff4[Department],B7) -> 63705.4 | F7: =COUNTIFS(staff4[Employee type],L9) -> 12 | L7: Permanent
B8: Accounting | C8: =COUNTIFS(staff4[Department],B8:B19) -> 1 | D8: =SUMIFS(staff4[Salary],staff4[Department],'Sumifs and countifs'!B8:B19) -> 114177.23 | E8: =AVERAGEIFS(staff4[Salary],staff4[Department],B8) -> 114177.23 | F8: =COUNTIFS(staff4[Employee type],L10) -> 12 | L8: Permanent
B9: Human Resources | C9: =COUNTIFS(staff4[Department],B9:B20) -> 1 | D9: =SUMIFS(staff4[Salary],staff4[Department],'Sumifs and countifs'!B9:B20) -> 50310.09 | E9: =AVERAGEIFS(staff4[Salary],staff4[Department],B9) -> 50310.09 | F9: =COUNTIFS(staff4[Employee type],L11) -> 12 | L9: Permanent
B10: Research and Development | C10: =COUNTIFS(staff4[Department],B10:B21) -> 1 | D10: =SUMIFS(staff4[Salary],staff4[Department],'Sumifs and countifs'!B10:B21) -> 84309.95 | E10: =AVERAGEIFS(staff4[Salary],staff4[Department],B10) -> 84309.95 | F10: =COUNTIFS(staff4[Employee type],L12) -> 12 | L10: Permanent
B11: Services | C11: =COUNTIFS(staff4[Department],B11:B22) -> 1 | D11: =SUMIFS(staff4[Salary],staff4[Department],'Sumifs and countifs'!B11:B22) -> 84742.86 | E11: =AVERAGEIFS(staff4[Salary],staff4[Department],B11) -> 84742.86 | F11: =COUNTIFS(staff4[Employee type],L13) -> 12 | L11: Permanent
B12: Product Management | C12: =COUNTIFS(staff4[Department],B12:B23) -> 1 | D12: =SUMIFS(staff4[Salary],staff4[Department],'Sumifs and countifs'!B12:B23) -> 72502.61 | E12: =AVERAGEIFS(staff4[Salary],staff4[Department],B12) -> 72502.61 | F12: =COUNTIFS(staff4[Employee type],L14) -> 12 | L12: Permanent
B13: Support | C13: =COUNTIFS(staff4[Department],B13:B24) -> 1 | D13: =SUMIFS(staff4[Salary],staff4[Department],'Sumifs and countifs'!B13:B24) -> 75974.99 | E13: =AVERAGEIFS(staff4[Salary],staff4[Department],B13) -> 75974.99 | F13: =COUNTIFS(staff4[Employee type],L15) -> 12 | L13: Permanent
B14: Sales | C14: =COUNTIFS(staff4[Department],B14:B25) -> 1 | D14: =SUMIFS(staff4[Salary],staff4[Department],'Sumifs and countifs'!B14:B25) -> 41934.71 | E14: =AVERAGEIFS(staff4[Salary],staff4[Department],B14) -> 41934.71 | F14: =COUNTIFS(staff4[Employee type],L16) -> 12 | L14: Permanent
L15: Permanent
L16: Permanent
L17: Permanent
L18: Permanent
L19: Permanent
L20: Permanent
L21: Permanent
L22: Permanent
L23: Permanent
L24: Permanent
L25: Permanent
L26: Permanent
... L264: Temporary

Sheet Filter
B1: All employees with >100k Salary
B5: =Staff[#Headers] -> First name | C5: =Staff[#Headers] -> Last name | D5: =Staff[#Headers] -> Gender | E5: =Staff[#Headers] -> Department | F5: =Staff[#Headers] -> Salary | G5: =Staff[#Headers] -> salary bucket | H5: =Staff[#Headers] -> Start Date | I5: =Staff[#Headers] -> FTE | ... N5: =Staff[#Headers] -> Years

Sheet min,max,large,sort
B2: Lowest, Highest and top 5 salay Values
C4: All emps | D4: Male | E4: Female
B5: Column1 | C5: =MIN(staff4[Salary]) -> 41934.71 | D5: =_xlfn.MINIFS(staff4[Salary],staff4[Gender],Table4[[#Headers],[Male]]) -> 50310.09 | E5: =_xlfn.MINIFS(staff4[Salary],staff4[Gender],Table4[[#Headers],[Female]]) -> 41934.71
B6: Lowest salary | C6: =MAX(staff4[Salary]) -> 120000 | D6: =_xlfn.MAXIFS(staff4[Salary],staff4[Gender],Table4[[#Headers],[Male]]) -> 120000 | E6: =_xlfn.MAXIFS(staff4[Salary],staff4[Gender],Table4[[#Headers],[Female]]) -> 114177.23
B7: Highest salary | C7: =LARGE(staff4[Salary],F7) -> 120000 | F7: 1
B8: Top 5 Salaries | C8: =LARGE(staff4[Salary],F8) -> 114177.23 | F8: 2
C9: =LARGE(staff4[Salary],F9) -> 96135.75 | F9: 3
C10: =LARGE(staff4[Salary],F10) -> 84742.86 | F10: 4
C11: =LARGE(staff4[Salary],F11) -> 84309.95 | F11: 5
D17: see rows when you come to practice

Sheet list of departments
B1: List all departments and count them
B4: Department: | C4: Count:
B5: Accounting
B6: Business Development
B7: Engineering
B8: Human Resources | D8: =_xlfn.TEXTJOIN(",",TRUE,B5:B16) -> Accounting,Business Development,Engineering,Human Resources,Legal,Marketing,Product Management,Research and Development,Sales,Services,Support,Training
B9: Legal
B10: Marketing
B11: Product Management
B12: Research and Development
B13: Sales
B14: Services
B15: Support
B16: Training

Sheet dataset
C1: Essential Excel Functions & Formulas
C7: Emp ID | D7: First Name | E7: Last Name | F7: Gender | G7: Department | H7: Salary | I7: Salary Bucket | J7: Start Date | K7: FTE | L7: Employee type | M7: Work location | N7: Tenure | O7: Work Type
C8: PR00007 | D8: Torrance | E8: Collier | F8: Female | G8: Training | H8: 96135.75 | I8: 50k to 100k | J8: 44025 | K8: 0.3 | L8: Permanent | M8: Wellington, New Zealand | N8: 3.9424658 | O8: Part time
C9: PR00095 | D9: Devrat | E9: Damarsingh | F9: Female | G9: Business Development | H9: 70649.46 | I9: 50k to 100k | J9: 43843 | K9: 1 | L9: Permanent | M9: Hyderabad, India | N9: 4.4410959 | O9: Full time
C10: PR00147 | D10: Minerva | E10: Ricardot | F10: Male | G10: Engineering | H10: 120000 | I10: Above 100k | J10: 43416 | K10: 1 | L10: Permanent | M10: Remote | N10: 5.6109589 | O10: Full time
C11: PR00246 | D11: Husein | E11: Augar | F11: Female | G11: Marketing | H11: 67905.8 | I11: 50k to 100k | J11: 44194 | K11: 1 | L11: Permanent | M11: Remote | N11: 3.4794521 | O11: Full time
C12: PR00576 | D12: Lalitchandra | E12: Vadali | F12: Female | G12: Legal | H12: 63705.4 | I12: 50k to 100k | J12: 43682 | K12: 1 | L12: Permanent | M12: Hyderabad, India | N12: 4.8821918 | O12: Full time
C13: PR00746 | D13: Hogan | E13: Iles | F13: Female | G13: Accounting | H13: 114177.23 | I13: Above 100k | J13: 43908 | K13: 1 | L13: Permanent | M13: Wellington, New Zealand | N13: 4.2630137 | O13: Full time
C14: PR00893 | D14: Vasavi | E14: Veeravasarapu | F14: Male | G14: Human Resources | H14: 50310.09 | I14: 50k to 100k | J14: 44285 | K14: 0.4 | L14: Permanent | M14: Hyderabad, India | N14: 3.230137 | O14: Part time
C15: PR00916 | D15: Inger | E15: Chapelhow | F15: Female | G15: Research and Development | H15: 84309.95 | I15: 50k to 100k | J15: 44501 | K15: 1 | L15: Permanent | M15: Remote | N15: 2.6383562 | O15: Full time
C16: PR01306 | D16: Patti | E16: Dradey | F16: Male | G16: Services | H16: 84742.86 | I16: 50k to 100k | J16: 44098 | K16: 1 | L16: Permanent | M16: Auckland, New Zealand | N16: 3.7424658 | O16: Full time
C17: PR01383 | D17: Addi | E17: Studdeard | F17: Female | G17: Product Management | H17: 72502.61 | I17: 50k to 100k | J17: 44235 | K17: 1 | L17: Permanent | M17: Wellington, New Zealand | N17: 3.3671233 | O17: Full time
C18: PR02113 | D18: Beverie | E18: Moffet | F18: Female | G18: Support | H18: 75974.99 | I18: 50k to 100k | J18: 44172 | K18: 1 | L18: Permanent | M18: Remote | N18: 3.539726 | O18: Full time
C19: PR02275 | D19: Louise | E19: Lamming | F19: Female | G19: Sales | H19: 41934.71 | I19: Under 50k | J19: 43780 | K19: 1 | L19: Permanent | M19: Remote | N19: 4.6136986 | O19: Full time

Sheet Lookup sheet
B2: Employee Lookup
B5: Employee ID | C5: TN04246
B6: FIRST NAME: | C6: =IFERROR(VLOOKUP(C$5,Staff[],G$6,FALSE),"Not found") -> SHAYLYN | G6: 2
B7: LAST NAME: | C7: =IFERROR(VLOOKUP(C$5,Staff[],G$7,FALSE),"Not found") -> Ransbury | G7: 3
B8: DEPARTMENT: | C8: =IFERROR(VLOOKUP(C$5,Staff[],G$8,FALSE),"Not found") -> Support | G8: 5
B9: SALARY: | C9: =IFERROR(VLOOKUP(C$5,Staff[],G$9,FALSE),"Not found") -> 100371.31 | G9: 6
B10: Gender: | C10: =IFERROR(VLOOKUP(C$5,Staff[],G$10,FALSE),"Not found") -> Female | G10: 4
B13: Last Name: | C13: cad
C14: =MATCH(C13,staff4[],0) -> #N/A
B15: Employee ID
B16: Department:
B17: Salary:
